# Authored common phrase fallback; simplified<TAB>traditional<TAB>pinyin<TAB>weight.
超市	超市	chao shi	8500
苹果	蘋果	ping guo	8500
东西	東西	dong xi	8500
水果	水果	shui guo	8500
吃饭	吃飯	chi fan	8500
一起	一起	yi qi	8500
人工智能	人工智能	ren gong zhi neng	8500
文化	文化	wen hua	8500
银行	銀行	yin hang	8500
音乐	音樂	yin yue	8500
重庆	重慶	chong qing	8500
软件	軟件	ruan jian	8500
硬件	硬件	ying jian	8500
会议	會議	hui yi	8500
项目	項目	xiang mu	8500
版本	版本	ban ben	8500
更新	更新	geng xin	8500
设置	設置	she zhi	8500
保存	保存	bao cun	8500
删除	刪除	shan chu	8500
地址	地址	di zhi	8500
邮箱	郵箱	you xiang	8500
明白	明白	ming bai	8500
不要	不要	bu yao	8500
不是	不是	bu shi	8500
不能	不能	bu neng	8500
不想	不想	bu xiang	8500
不去	不去	bu qu	8500
不会	不會	bu hui	8500
买	買	mai	3500
